EMPID,EMPNAME,EMPADDRESS,EMPSALARY
VENTOSANZAP,DAVEY,WHOTTON,DWHOTTON0@UTEXAS.EDU
LATLUX,TERRANCE,KELSELL,TKELSELL1@A8.NET
TREEFLEX,LYNDY,DAVAGE,LDAVAGE2@DMOZ.ORG
ZAAM-DOX,FERNANDO,VAN DER KRUIJS,FVANDERKRUIJS3@WIKIMEDIA.ORG
HATITY,LONEE,WYLLIE,LWYLLIE4@LAST.FM
AERIFIED,FIDELIA,REDDAN,FREDDAN5@YOUKU.COM
ASOKA,ROWEN,MAC,RMAC6@MERRIAM-WEBSTER.COM
VENTOSANZAP,PERRI,MIZEN,PMIZEN7@FORBES.COM
JOB,ELISHA,HUNTALL,EHUNTALL8@GOO.NE.JP
VERIBET,WILEEN,DICTY,WDICTY9@WEBEDEN.CO.UK
MAT LAM TAM,DARE,TATNELL,DTATNELLA@MOZILLA.ORG
REGRANT,CYNTHEA,MOXSOM,CMOXSOMB@WEATHER.COM
FIX SAN,KATHY,CASOLLA,KCASOLLAC@DEVIANTART.COM
DOMAINER,JORRIE,CYPHUS,JCYPHUSD@HISTATS.COM
ZAAM-DOX,OBIE,THREADGALL,OTHREADGALLE@1UND1.DE
TRANSCOF,LORIN,HARRINSON,LHARRINSONF@ARCHIVE.ORG
SPAN,COURT,BURLAY,CBURLAYG@DIGG.COM
CARDIFY,THORSTEN,WACE,TWACEH@WP.COM
PANNIER,VINNIE,BALSHAW,VBALSHAWI@BLOGLINES.COM
PANNIER,TITOS,SCROGGINS,TSCROGGINSJ@CENSUS.GOV
FLEXIDY,ROBINETTE,MCGRIFFIN,RMCGRIFFINK@CONSTANTCONTACT.COM
OVERHOLD,GIOVANNA,MACIASZEK,GMACIASZEKL@YALE.EDU
DALTFRESH,KORIE,OXTIBY,KOXTIBYM@REFERENCE.COM
BYTECARD,FELICLE,GREYSTOKE,FGREYSTOKEN@BLOGTALKRADIO.COM
RONSTRING,SVEN,GORICKE,SGORICKEO@PEN.IO
VENTOSANZAP,KATI,STOW,KSTOWP@THEGUARDIAN.COM
BITWOLF,BRET,DEBOLD,BDEBOLDQ@IMAGESHACK.US
SUB-EX,AMBY,KIDDIE,AKIDDIER@YANDEX.RU
TEMPSOFT,COURTENAY,ZEALANDER,CZEALANDERS@MOZILLA.COM
TIN,HORACE,HARROWAY,HHARROWAYT@DOT.GOV
KONKLUX,EFREN,MARLE,EMARLEU@I2I.JP
ZAMIT,VANNA,MAFFY,VMAFFYV@BOOKING.COM
BYTECARD,MICHALE,CAMMELL,MCAMMELLW@ADDTHIS.COM
TOUGHJOYFAX,RICA,DANILOWICZ,RDANILOWICZX@IFENG.COM
SONAIR,HOLDEN,RIGLER,HRIGLERY@TINYURL.COM
PRODDER,CELIE,HOLLINGSBEE,CHOLLINGSBEEZ@ETSY.COM
TIN,BORDIE,CANWELL,BCANWELL10@COCOLOG-NIFTY.COM
ASOKA,TINA,BLABEY,TBLABEY11@WIKIA.COM
VIVA,BABB,KLIMP,BKLIMP12@INSTAGRAM.COM
ANDALAX,ERINNA,DOUST,EDOUST13@OVER-BLOG.COM
DALTFRESH,PAULIE,CAMMISH,PCAMMISH14@YELP.COM
KANLAM,CORDULA,POULNEY,CPOULNEY15@BLOOMBERG.COM
OPELA,ANDY,YEARDLEY,AYEARDLEY16@IFENG.COM
ANDALAX,DRU,CICCHINELLI,DCICCHINELLI17@WIRED.COM
OVERHOLD,GODWIN,HANNER,GHANNER18@BLOG.COM
DOMAINER,KING,MANDELL,KMANDELL19@ABC.NET.AU
CARDIFY,VALARIA,DMITRIEV,VDMITRIEV1A@MARRIOTT.COM
STRONGHOLD,SHEPPARD,ALDIE,SALDIE1B@OMNITURE.COM
TRESOM,BIBI,GIRLING,BGIRLING1C@GOOGLE.CO.JP
HATITY,RAMSAY,IZKOVITCH,RIZKOVITCH1D@WIKIPEDIA.ORG
NAMFIX,BRENDIS,LINNEMANN,BLINNEMANN1E@STUMBLEUPON.COM
LOTSTRING,URSALA,MATUSIAK,UMATUSIAK1F@CDC.GOV
TOUGHJOYFAX,GRAHAM,DENMAN,GDENMAN1G@PHOCA.CZ
CARDIFY,GRACIA,DAVIDY,GDAVIDY1H@CDBABY.COM
BITWOLF,DULSEA,HARTLAND,DHARTLAND1I@JIGSY.COM
DUOBAM,FELIZA,FORRINGTON,FFORRINGTON1J@THEATLANTIC.COM
RANK,BRENDON,SEATHWRIGHT,BSEATHWRIGHT1K@PRNEWSWIRE.COM
ANDALAX,JEANIE,LETCHFORD,JLETCHFORD1L@TMALL.COM
TREEFLEX,ROB,SLOYAN,RSLOYAN1M@PSU.EDU
STIM,DEXTER,TICKNER,DTICKNER1N@AMAZON.DE
IT,CHAUNCEY,HYDE-CHAMBERS,CHYDECHAMBERS1O@DAGONDESIGN.COM
SOLARBREEZE,DORRIS,SHIELS,DSHIELS1P@SOURCEFORGE.NET
FLOWDESK,MARGALO,HENKENS,MHENKENS1Q@UCSD.EDU
KONKLUX,MERCY,PARLETT,MPARLETT1R@FLICKR.COM
VENTOSANZAP,ANNAMARIA,HUSTLER,AHUSTLER1S@UCLA.EDU
LATLUX,GERRY,BLACHFORD,GBLACHFORD1T@SHUTTERFLY.COM
IT,KARINE,BEIDEBEKE,KBEIDEBEKE1U@HEXUN.COM
ZAMIT,JEREMY,DISS,JDISS1V@NYMAG.COM
VERIBET,JUDAS,MACKNIELY,JMACKNIELY1W@FREEWEBS.COM
FIXFLEX,THAXTER,HURLING,THURLING1X@INDIEGOGO.COM
OTCOM,DIANN,MCWHANNEL,DMCWHANNEL1Y@UMN.EDU
TRIPPLEDEX,BILLYE,BONDE,BBONDE1Z@THEATLANTIC.COM
DALTFRESH,ANNETTA,TRAIL,ATRAIL20@CDC.GOV
MATSOFT,PRU,BUSCHER,PBUSCHER21@CBSLOCAL.COM
GEMBUCKET,PAOLINA,DUNNAN,PDUNNAN22@SITEMETER.COM
SOLARBREEZE,GROVER,CORDEL,GCORDEL23@POSTEROUS.COM
SONAIR,YVOR,TOMMEI,YTOMMEI24@ISTOCKPHOTO.COM
OTCOM,BENSON,PFEIFER,BPFEIFER25@TRIPOD.COM
Y-SOLOWARM,CHANDA,HELLEWELL,CHELLEWELL26@EBAY.COM
RANK,DELL,JACQUEMET,DJACQUEMET27@DELL.COM
STIM,ERNESTA,UDEN,EUDEN28@MAPQUEST.COM
STRONGHOLD,HOMERUS,MARRON,HMARRON29@THEATLANTIC.COM
STRONGHOLD,BETHENA,PERES,BPERES2A@PRWEB.COM
BITWOLF,ZACHERIE,GULLY,ZGULLY2B@GOOGLE.CO.JP
RANK,CLEMENTE,JENTON,CJENTON2C@CREATIVECOMMONS.ORG
MAT LAM TAM,MARGARETHA,BALSDONE,MBALSDONE2D@NASA.GOV
CARDIFY,EVY,SHOEBOTTOM,ESHOEBOTTOM2E@MSU.EDU
ZOOLAB,RAWLEY,RITTELMEYER,RRITTELMEYER2F@BING.COM
RANK,VALENTINA,HALVOSEN,VHALVOSEN2G@DE.VU
VOYATOUCH,GERTY,AUSTON,GAUSTON2H@ADMIN.CH
NAMFIX,EMMIT,BORTOLUTTI,EBORTOLUTTI2I@STATCOUNTER.COM
HOME ING,ORV,GALLICO,OGALLICO2J@NYMAG.COM
TAMPFLEX,OREL,JAKOUBEC,OJAKOUBEC2K@GEOCITIES.COM
NAMFIX,GERRI,PENTONY,GPENTONY2L@PUREVOLUME.COM
FIX SAN,DARLINE,HILLHOUSE,DHILLHOUSE2M@CSMONITOR.COM
OVERHOLD,DEHLIA,CUSHION,DCUSHION2N@FREE.FR
ZOOLAB,VANIA,SHIMMINGS,VSHIMMINGS2O@MOONFRUIT.COM
DALTFRESH,TEDMUND,LAPIDES,TLAPIDES2P@AMAZON.DE
VIVA,LIVY,YAKOBOWITZ,LYAKOBOWITZ2Q@UCOZ.RU
ZAMIT,PATEN,HOLLEBON,PHOLLEBON2R@BLOGSPOT.COM
